                  epoch,         train/box_loss,         train/cls_loss,         train/dfl_loss,   metrics/precision(B),      metrics/recall(B),       metrics/mAP50(B),    metrics/mAP50-95(B),           val/box_loss,           val/cls_loss,           val/dfl_loss,                 lr/pg0,                 lr/pg1,                 lr/pg2
                      1,                 1.4614,                  0.932,                0.93273,                 0.8046,                0.72848,                0.77216,                0.55389,                 1.4907,                0.93911,                0.95261,             0.00019528,             0.00019528,             0.00019528
                      2,                 1.4625,                 0.9408,                0.93175,                0.82626,                0.68574,                0.76304,                0.55046,                 1.4697,                0.95984,                0.95115,             0.00038741,             0.00038741,             0.00038741
                      3,                  1.496,                0.97271,                0.94303,                0.82001,                0.68145,                0.75618,                0.52064,                 1.5483,                0.98267,                0.96859,             0.00057565,             0.00057565,             0.00057565
                      4,                 1.4986,                0.97188,                0.94696,                0.78715,                0.70819,                0.77408,                0.54038,                   1.51,                 0.9762,                0.96211,             0.00057054,             0.00057054,             0.00057054
                      5,                 1.4829,                0.96334,                0.94014,                0.79895,                0.69044,                0.75344,                0.52804,                 1.5374,                 0.9841,                0.96694,             0.00057054,             0.00057054,             0.00057054
